drop_me,mutant,student,beads,y,norm_y,gel_img_exists,protein_on_gel,assay_data_exists,tm_exists,why_no_tm,in_plos_paper,tm,k
e164g,E164G,Bill,0,0.291,0.29,1,0,1,0,catalytic residue,0,NaN,NaN
e222r,E222R,Mary,0,0.146,0.15,1,0,1,0,no protein,1,NaN,NaN
e222y,E222Y,Mary,0,0.091,0.09,1,0,1,0,no expression,1,NaN,NaN
F72H,F72H,Siena,0,0.151,0.15,1,0,1,0,no protein,1,NaN,NaN
G355A,G355A,Natalie,0,0.195,0.20,1,0,1,0,no protein ,1,NaN,NaN
H178A,H178A,Siena,0,0.381,0.38,1,0,1,0,no expression,1,NaN,NaN
H315N,H315N,Bill,1,0.183,0.37,1,0,1,0,no protein ,1,NaN,NaN
I244N,I244N,Bill,1,0.085,0.17,1,0,1,0,no protein,1,NaN,NaN
M221A,M221A,Mary,0,0.123,0.12,1,0,1,0,no protein,1,NaN,NaN
M261D,M261D,Bill,0,0.392,0.39,1,0,1,0,no protein,0,NaN,NaN
M323K,M323K,Siena,0,0.085,0.09,1,0,1,0,no protein ,1,NaN,NaN
r240e,R240E,Bill,0,0.296,0.30,1,0,1,0,no protein,0,NaN,NaN
T296A,T296A,Siena,0,0.141,0.14,1,0,1,0,no protein ,1,NaN,NaN
w325g,W325G,Siena,1,0.108,0.22,1,0,1,0,no protein,0,NaN,NaN
W407Q,W407Q,Natalie,1,0.251,0.50,1,0,1,0,no expression,1,NaN,NaN
W407R,W407R,Natalie,1,0.182,0.36,1,0,1,0,no expression,1,NaN,NaN
Y166P,Y166P,Siena ,0,0.264,0.26,1,0,1,0,no protein,1,NaN,NaN
D403A,D403A,Bill,0,0.187,0.19,1,0.5,1,0,no expression,1,NaN,NaN
e222h,E222H,Siena,0,0.369,0.37,1,0.5,1,1,,1,34.70831193,-0.636222686
H119E,H119E,Bill,1,0.168,0.34,1,0.5,1,0,no expression,1,NaN,NaN
H178R,H178R,Mary,0,0.227,0.23,1,0.5,1,0,below detection,0,NaN,NaN
H379T,H379T,Bill,0,0.657,0.66,1,0.5,1,0,below detection,0,NaN,NaN
i244e,I244E,Mary,0,0.1565,0.16,1,0.5,1,1,,1,37.79312885,-0.872060879
N163A,N163A,Natalie,0,0.163,0.16,1,0.5,1,1,,1,40.8019296,-0.377448767
n163c,N163C,Mary,0,0.119,0.12,1,0.5,1,1,,1,37.69860811,-0.338414894
N354A,N354A,Natalie,0,0.306,0.31,1,0.5,1,1,,1,40.5577929,-0.335793744
P329N,P329N,Natalie,1,0.303,0.61,1,0.5,1,0,no expression,1,NaN,NaN
r240d,R240D,Siena,1,0.329,0.66,1,0.5,1,0,below detection,1,NaN,NaN
R76A,R76A,Natalie,1,0.486,0.97,1,0.5,1,0,no expression,1,NaN,NaN
S16N,S16N,Mary,0,0.179,0.18,1,0.5,1,0,below detection,0,NaN,NaN
S17E,S17E,Bill,1,0.202,0.40,1,0.5,1,1,,1,39.42989154,-0.756365367
W120A,W120A,Siena,0,0.133,0.13,1,0.5,1,0,below detection,1,NaN,NaN
W120F,W120F,Siena,0,0.437,0.44,1,0.5,1,1,,1,41.51052689,-0.462997687
W34A,W34A,Siena,0,0.184,0.18,1,0.5,1,0,no expression,1,NaN,NaN
W399A,W399A,Siena,1,0.333,0.67,1,0.5,1,0,below detction ,1,NaN,NaN
W407A,W407A,Bill,0,0.182,0.18,1,0.5,1,0,no expression,1,NaN,NaN
W407G,W407G,Siena,0,0.276,0.28,1,0.5,1,0,no expression,1,NaN,NaN
Y18A,Y18A,Bill,0,0.59,0.59,1,0.5,1,1,,1,37.17290318,-0.346462476
Y295A,Y295A,Bill,1,0.188,0.38,1,0.5,1,0,catalytic residue,1,NaN,NaN
A195S,A192S,Siena ,0,0.321,0.32,1,1,1,1,,1,39.08260139,-0.906303743
C167A,C167A,Bill,0,0.77,0.77,1,1,1,1,,1,39.735604,-1.3884472
C167Q,C167Q,Bill,1,0.264,0.53,1,1,1,1,,1,38.47156734,-0.529353681
E154D,E154D,Bill,0,0.969,0.97,1,1,1,1,,1,38.69910415,-0.688685683
E164A,E164A,Bill,1,0.194,0.39,1,1,1,0,catalytic residue,1,NaN,NaN
e164r,E164R,Siena,1,0.262,0.52,1,1,1,0,catalytic residue,0,NaN,NaN
E177A,E177A,Bill,0,1.006,1.01,1,1,1,1,,1,37.30765525,-0.486927539
E177K,E177K,Siena,1,0.147,0.29,1,1,1,1,,1,36.64970183,-0.666760611
E177L,E177L,Bill,1,0.232,0.46,1,1,1,1,,1,39.22350318,-0.520209618
E222A,E222A,Natalie,1,0.195,0.39,1,1,1,1,,1,36.74381433,-0.656627212
e222k,E222K,Mary,0,0.095,0.10,1,1,1,1,,1,38.52686761,-0.464966699
e222q,E222Q,Mary,0,0.398,0.40,1,1,1,1,,1,39.42164542,-0.815421754
E353A,E353A,Bill,0,0.251,0.25,1,1,1,0,catalytic residue,1,NaN,NaN
E406A,E406A,Mary,0,0.7575,0.76,1,1,1,1,,1,39.93431035,-1.524719042
E406D,E406D,Bill,1,0.555,1.11,1,1,1,1,,1,40.55459923,-0.926168195
E423S,E423S,Bill,0,1.19,1.19,1,1,1,1,,1,39.45924017,-1.449480472
F415A,F415A,Natalie,0,0.31,0.31,1,1,1,0,no expression,1,NaN,NaN
F415N,F415N,Siena,0,0.076,0.08,1,1,1,0,no expression,0,NaN,NaN
H101R,H101R,Bill,0,1.5,1.50,1,1,1,1,,1,40.02170796,-0.910847873
H119A,H119A,Natalie,0,0.277,0.28,1,1,1,1,,1,40.15804486,-1.028931199
H119N,H119N,Siena ,0,0.113,0.11,1,1,1,0,below detection,1,NaN,NaN
H315E,H315E,Siena,0,0.188,0.19,1,1,1,0,below detection,0,NaN,NaN
H373R,H373R,Bill,0,1.831,1.83,1,1,1,1,,1,39.08260139,-0.906303743
H379R,H379R,Bill,0,0.211,0.21,1,1,1,0,below detection,1,NaN,NaN
I300N,I300N,Bill,1,0.204,0.41,1,1,1,1,,1,37.65337458,-0.316965376
I91E,I91E,Siena,1,0.159,0.32,1,1,1,1,,1,39.19952473,-0.44390528
K341A,K341A,Bill,0,1.049,1.05,1,1,1,1,,1,39.98458912,-1.703772607
L171A,L171A,Bill,0,0.495,0.50,1,1,1,1,,1,38.28835703,-0.480826702
L171R,L171R,Siena ,0,0.369,0.37,1,1,1,1,,1,38.69910415,-0.688685683
L362M,L362M,Mary,0,0.326,0.33,1,1,1,1,,0,39.8488593,-0.613592478
M323A,M323A,Siena,0,0.117,0.12,1,1,1,1,,1,36.85834703,-0.701662793
M358T,M358T,Bill,0,1.1,1.10,1,1,1,1,,1,39.4891321,-1.435990562
n163d,N163D,Bill,0,0.687,0.69,1,1,1,1,,1,38.25875361,-0.454263091
N220A,N220A,Natalie,1,0.813,1.63,1,1,1,1,,1,38.63105708,-0.656223216
N220G,N220G,Siena ,0,1.592,1.59,1,1,1,1,,0,41.8736114,-1.49476396
N220H,N220H,Bill,1,0.075,0.15,1,1,1,1,,1,39.45829075,-0.74027775
N220R,N220R,Mary,0,0.217,0.22,1,1,1,1,,0,39.42249484,-0.679409263
N220Y,N220Y,Mary,0,0.461,0.46,1,1,1,1,,0,41.63037405,-0.365824477
N293A,N293A,Siena,0,0.419,0.42,1,1,1,0,below detection,1,NaN,NaN
N293C,N293C,Mary,0,0.324,0.32,1,1,1,1,,0,38.66739191,-0.536787323
N293D,N293D,Mary,0,0.194,0.19,1,1,1,0,below detection,0,NaN,NaN
N293Q,N293Q,Mary,0,0.171,0.17,1,1,1,0,below detection,0,NaN,NaN
N404A,N404A,Natalie,0,0.532,0.53,1,1,1,1,,1,42.00579072,-0.965897327
N404C,N404C,Siena,0,0.145,0.15,1,1,1,1,,0,42.5779609,-1.299898712
Q19A,Q19A,Siena,0,0.41,0.41,1,1,1,0,below detection,1,NaN,NaN
q19c,Q19C,Bill,0,0.479,0.48,1,1,1,0,below detection,1,NaN,NaN
Q19s,Q19S,Siena ,0,0.183,0.18,1,1,1,1,,1,36.47097293,-0.502002054
Q313R,Q313R,Bill,1,0.313,0.63,1,1,1,1,,1,35.81800542,-0.172264671
R240A,R240A,Siena,0,0.29,0.29,1,1,1,1,,1,39.87611457,-1.044786161
r240k,R240K,Bill,0,0.703,0.70,1,1,1,1,,1,39.31426782,-1.423406355
S14A,S14A,Natalie,0,0.413,0.41,1,1,1,1,,1,40.01786873,-1.565035606
S16A,S16A,Natalie,1,0.504,1.01,1,1,1,0,below detection,1,NaN,NaN
S17A,S17A,Natalie,0,0.502,0.50,1,1,1,1,,1,41.64904222,-1.265545989
s298e,S298E,Bill,0,0.457,0.46,1,1,1,1,,1,39.56683791,-0.949263995
S331A,S331A,Siena ,0,0.254,0.25,1,1,1,1,,1,38.95957149,-0.454130769
S400A,S400A,Siena,0,0.236,0.24,1,1,1,1,,1,39.80689539,-0.600616124
T15A,T15A,Bill,0,0.619,0.62,1,1,1,1,,0,38.69692256,-0.457046375
T175R,T175R,Bill,1,0.151,0.30,1,1,1,1,,1,37.82697936,-0.487971543
T218A,T218A,Bill,0,0.88,0.88,1,1,1,1,,1,40.04565324,-1.122530834
T352A,T352A,Bill,0,0.504,0.50,1,1,1,1,,1,38.02706561,-0.745703648
V52G,V52G,Bill,0,0.917,0.92,1,1,1,1,,1,39.20629853,-1.00569276
w120h,W120H,Bill,0,0.336,0.34,1,1,1,1,,1,39.88839454,-0.574203987
W325A,W325A,Siena,0,0.216,0.22,1,1,1,1,,1,40.1882422,-0.362362979
W325C,W325C,Bill,0,1.121,1.12,1,1,1,1,,1,39.18184169,-0.888861379
W325H,W325H,Siena,0,0.064,0.06,1,1,1,0,below detection,1,NaN,NaN
W325L,W325L,Bill,1,0.329,0.66,1,1,1,0,below detection,1,NaN,NaN
w325r,W325R,Bill,0,0.354,0.35,1,1,1,1,,0,39.87379178,-0.713239858
w399c,W399C,Siena,1,0.449,0.90,1,1,1,0,below detection,1,NaN,NaN
w399g,W399G,Bill,1,0.521,1.04,1,1,1,0,below detection,1,NaN,NaN
W399R,W399R,Mary,0,0.233,0.23,1,1,1,0,below detection,0,NaN,NaN
w399s,W399S,Bill,0,0.196,0.20,1,1,1,0,below detection,1,NaN,NaN
W409Y,W409Y,Mary,0,0.229,0.23,1,1,1,1,,0,36.61492149,-0.392452856
A357A,WT,Siena,1,0.284,0.57,1,1,1,1,,1,39.09458089,-0.325209367
A356A,WT,Bill,0,0.738,0.74,1,1,1,1,,1,39.88826633,-1.124698439
A408A,WT,Bill,0,1.197,1.20,1,1,1,1,,1,39.95593139,-1.260728826
WT,WT,Mary,0,0.277,0.28,1,1,1,1,,1,39.9559314,-1.2607288
Y294A,Y294A,Siena,1,0.677,1.35,1,1,1,1,,1,39.99976639,-0.755361468
Y294F,Y294F,Siena,1,0.408,0.82,1,1,1,0,below detection,1,NaN,NaN
y295g,Y295G,Bill,1,0.235,0.47,1,1,1,0,catalytic residue,1,NaN,NaN